breed,Adaptability,Friendliness,Grooming,Trainability,ActivityLevel,GoodForApartment,GoodForNoviceOwner,Sensitivity,ToleratesBeingAlone,ToleratesCold,ToleratesHot,LikesFamily,LikesKids,LikesDogs,LikesStrangers,Sheds,Drools,EasyToGroom,Healthy,PotentialForWeightGain,Size,EasyToTrain,Intelligent,LikesFetch,PreyDrive,Barks,Wanders,EnergyLevel,ExerciseIntensity,ExerciseNeeds,Playfulness
Affenpinscher,3,3,2,3,4,5,4,3,1,3,3,5,1,4,3,1,1,3,4,3,1,2,4,4,3,2,2,4,3,3,4
American Eskimo Dog,4,5,3,4,4,5,4,4,2,5,3,5,5,5,4,5,1,3,5,4,2,5,4,3,3,4,3,5,3,4,5
Bichon Frise,4,5,2,3,4,5,5,5,1,3,4,5,4,4,5,2,1,1,4,4,2,5,4,3,4,2,2,5,3,3,5
Bolognese,3,5,2,4,3,5,3,5,2,2,3,5,5,5,5,1,1,1,5,3,1,5,4,4,5,4,1,3,3,4,3
Boston Terrier,4,5,3,3,5,5,4,5,3,3,2,4,5,5,4,2,1,5,4,3,2,4,4,2,2,3,5,4,5,4,5
Brussels Griffon,3,3,3,3,4,5,2,5,1,1,2,5,1,4,3,3,3,3,3,3,1,3,4,3,1,4,5,5,3,4,5
Bulldog,3,4,4,2,3,5,4,4,3,1,1,5,4,2,5,3,5,5,4,5,2,3,2,2,2,4,1,2,3,3,4
Cavalier King Charles Spaniel,4,5,3,3,4,5,5,5,1,3,2,5,5,5,5,3,1,4,4,4,2,4,4,3,3,3,2,3,2,4,5
Chihuahua,3,4,2,3,3,5,4,5,1,1,2,5,5,2,2,2,1,5,2,3,1,4,4,3,3,3,2,3,2,1,4
Chinese Crested,3,4,2,3,2,5,3,5,1,1,3,4,5,4,4,2,1,2,5,2,2,4,3,4,3,3,1,2,1,2,3
Coton de Tulear,4,5,2,3,3,5,4,5,1,3,3,5,5,5,5,1,1,2,5,3,1,3,4,3,1,2,3,3,2,3,5
Dalmatian,3,4,4,3,5,2,3,4,3,3,4,5,4,4,3,5,1,5,4,4,3,4,4,2,2,2,4,5,4,5,4
English Toy Spaniel,3,4,3,3,3,4,4,4,1,2,2,5,1,4,4,5,2,4,2,3,2,3,3,4,4,3,2,3,3,2,4
French Bulldog,3,4,3,3,4,5,5,3,1,2,1,5,4,4,4,3,1,5,2,4,2,4,3,3,2,3,2,3,4,2,5
Havanese,4,5,2,3,3,5,5,4,1,3,4,5,4,5,5,2,1,1,3,4,2,5,4,3,4,2,2,3,2,3,5
Italian Greyhound,3,5,3,4,4,5,5,5,1,1,3,5,5,4,4,2,1,5,3,2,2,3,3,4,5,3,3,4,2,4,4
Japanese Chin,3,3,2,3,2,5,4,3,1,3,2,3,3,3,4,3,1,3,3,3,1,3,3,4,3,3,1,2,1,2,4
Keeshond,4,5,3,3,4,4,4,5,1,5,3,5,5,4,4,5,1,3,3,4,3,4,4,3,3,4,2,4,3,3,5
Lhasa Apso,4,3,2,3,4,5,5,5,4,3,2,4,4,3,2,3,1,1,3,3,1,3,4,3,4,4,2,4,3,3,5
Lowchen,3,5,3,4,4,5,4,3,1,3,3,5,5,4,4,3,1,3,5,3,1,5,4,3,4,4,5,4,3,4,5
Maltese,3,4,2,3,3,5,5,4,1,1,3,5,3,4,2,2,1,2,3,3,1,4,4,3,4,2,1,3,3,2,4
Miniature Pinscher,3,3,3,3,4,5,3,5,2,1,3,5,3,2,3,2,1,5,3,5,1,3,3,2,3,1,5,4,3,4,5
Papillon,3,4,2,3,4,5,5,3,1,2,4,5,3,4,5,2,1,3,3,3,1,5,4,3,4,2,1,4,3,5,5
Pekingese,3,3,2,4,2,5,4,2,3,4,1,5,2,2,2,4,1,1,2,3,1,3,4,3,5,4,3,2,1,2,3
Pomeranian,3,3,3,3,3,4,4,4,1,4,2,5,2,2,3,4,1,2,3,4,1,4,4,2,2,5,1,3,2,2,3
Poodle,4,5,2,4,4,5,5,4,1,3,4,5,5,4,4,1,1,1,2,4,4,5,5,4,2,2,3,4,3,4,5
Pug,3,4,3,2,4,5,5,3,1,2,1,5,4,4,4,5,1,5,1,5,2,3,2,2,3,2,2,3,4,3,5
Schipperke,3,3,3,3,5,4,4,4,3,3,2,4,5,2,2,3,1,5,4,5,1,2,4,3,2,4,5,5,3,5,5
Shiba Inu,4,3,3,4,3,5,4,3,5,4,3,4,3,3,3,4,1,4,3,2,2,2,4,4,3,4,4,4,2,3,3
Shih Tzu,3,5,2,3,3,5,5,3,3,3,1,5,4,4,5,3,1,1,3,4,1,3,4,4,4,2,2,2,3,2,4
Silky Terrier,3,3,3,4,4,5,3,3,3,1,4,4,3,2,3,2,1,4,4,3,1,4,4,2,5,4,3,4,4,3,4
Tibetan Spaniel,3,4,3,4,4,5,4,5,1,1,2,5,5,4,3,3,1,4,5,3,1,4,4,3,3,4,3,3,3,4,4
Tibetan Terrier,4,4,3,3,5,5,3,4,1,4,4,5,5,4,3,5,1,1,5,3,2,4,4,2,2,2,3,5,4,5,5
Toy Fox Terrier,3,4,3,4,5,5,3,4,1,2,3,5,4,3,3,4,1,5,5,2,1,3,4,2,5,4,4,5,4,5,5
Xoloitzcuintli,3,3,4,4,3,5,1,5,1,3,3,5,3,2,1,5,1,5,5,3,3,3,5,3,5,5,5,3,3,3,3
Yorkshire Terrier,3,3,2,3,5,5,4,5,2,2,2,4,2,3,2,2,1,1,4,2,1,3,3,2,2,3,3,5,4,4,5
Appenzeller Sennenhunde,3,4,3,4,4,1,3,3,1,5,4,5,5,3,2,3,1,5,4,3,3,4,4,5,3,5,3,4,4,5,4
Australian Cattle Dog,3,4,3,4,5,2,1,4,3,4,4,5,3,4,2,3,1,4,5,4,3,5,5,5,4,2,4,5,5,5,5
Australian Shepherd,3,4,2,5,5,1,2,5,2,4,4,5,4,5,3,3,1,1,2,4,3,5,5,4,4,4,5,5,4,5,5
Bearded Collie,3,5,3,4,4,3,4,4,2,4,3,5,4,5,4,4,1,2,3,4,3,5,4,3,3,3,5,4,4,4,5
Belgian Malinois,3,4,3,4,5,1,3,5,3,4,4,5,4,2,3,2,1,5,4,2,4,5,5,3,4,2,3,5,4,5,5
Belgian Sheepdog,4,5,3,4,5,3,3,5,3,4,3,4,5,5,4,5,1,3,3,2,4,5,5,2,5,1,4,5,3,5,5
Belgian Tervuren,3,3,3,4,4,3,3,5,1,4,3,4,3,3,3,4,1,3,3,2,4,5,5,2,2,5,4,5,3,4,5
Berger Picard,4,4,4,3,5,3,4,5,3,4,3,5,5,3,2,4,1,5,5,3,4,4,4,2,3,2,2,5,3,5,5
Border Collie,4,4,3,3,5,5,4,5,1,4,4,5,4,3,5,3,1,3,2,3,3,5,5,3,1,2,1,5,3,5,5
Bouvier des Flandres,3,4,3,3,4,3,2,4,2,4,2,5,5,2,2,1,1,2,3,4,4,5,4,2,2,4,2,4,5,4,4
Briard,3,4,2,4,4,3,3,4,3,4,3,4,5,5,2,1,1,1,3,3,4,4,4,2,3,4,5,4,4,4,4
Canaan Dog,4,3,3,3,4,4,4,4,3,3,5,4,2,3,2,1,1,5,5,2,3,5,4,3,3,3,2,4,3,3,4
Cardigan Welsh Corgi,4,4,3,3,3,4,4,4,3,4,3,5,4,3,3,4,1,3,4,4,2,4,5,2,4,2,3,3,3,3,4
Catahoula Leopard Dog,2,3,3,3,4,1,1,2,2,3,3,5,3,1,1,3,1,5,3,3,4,2,3,3,1,3,3,4,3,5,2
Collie,4,5,3,3,3,3,4,5,2,4,3,5,5,4,4,5,1,2,3,3,3,4,4,3,4,4,1,3,2,3,4
Entlebucher Mountain Dog,3,4,3,4,5,1,2,4,3,4,2,5,5,3,2,3,1,5,3,3,3,3,4,4,4,5,3,5,4,5,5
Finnish Lapphund,4,5,3,4,5,4,4,4,2,5,2,5,5,5,4,3,1,4,4,4,3,5,5,4,4,3,4,5,5,4,5
German Shepherd Dog,3,4,4,4,5,3,2,5,2,4,3,5,5,2,4,5,1,5,4,2,4,5,5,5,4,4,2,5,5,5,5
Icelandic Sheepdog,3,3,3,3,4,1,1,3,2,5,3,4,4,2,2,5,1,1,3,3,3,3,4,3,4,1,4,4,5,4,4
Lancashire Heeler,3,3,3,3,4,2,2,3,3,3,3,4,3,3,2,3,1,4,4,4,1,3,4,2,2,2,4,4,4,3,4
Norwegian Buhund,3,4,3,3,5,3,3,3,4,5,2,5,5,3,3,3,1,2,4,3,3,4,3,3,2,4,4,4,4,5,5
Old English Sheepdog,4,4,4,3,4,5,4,4,2,4,2,5,4,4,4,5,4,1,4,4,4,3,4,2,3,1,2,4,3,4,4
Pembroke Welsh Corgi,4,4,3,3,4,4,4,4,3,4,3,5,4,3,5,5,1,4,3,4,2,5,5,2,3,2,2,4,3,4,4
Polish Lowland Sheepdog,4,4,2,3,4,4,2,4,3,4,4,5,4,3,3,1,1,1,4,3,3,4,4,3,3,2,3,4,3,4,4
Puli,3,4,2,4,5,4,1,4,2,4,3,5,5,5,2,1,1,1,5,3,3,2,4,3,4,4,5,5,5,5,5
Pyrenean Shepherd,3,4,2,3,5,5,2,4,1,4,3,5,5,2,2,3,1,3,2,3,2,2,4,3,4,5,2,4,5,5,5
Shetland Sheepdog,3,5,3,3,4,2,3,5,2,4,3,5,5,4,5,5,1,2,4,3,1,5,5,1,3,1,2,4,2,4,4
Swedish Vallhund,3,4,3,3,5,3,1,3,3,4,3,5,4,3,5,1,1,5,4,4,3,5,5,2,4,1,3,5,3,5,5
Afghan Hound,4,4,2,3,4,5,3,5,2,5,5,5,5,4,2,4,1,1,3,1,4,1,4,3,5,2,5,5,2,4,4
American English Coonhound,3,5,3,5,5,1,2,5,2,4,4,5,5,4,5,3,1,5,4,3,3,5,4,3,5,5,5,5,5,5,5
American Foxhound,2,5,4,4,5,1,2,2,1,4,4,4,5,5,4,3,1,5,5,5,3,2,3,3,4,5,5,5,4,5,5
Azawakh,3,3,3,3,3,5,2,3,3,1,5,4,2,3,2,3,1,5,3,3,3,3,3,3,4,1,2,3,2,4,3
Basenji,4,5,3,4,3,5,4,3,4,1,4,5,5,4,5,1,5,5,2,2,2,1,4,5,5,1,5,5,1,5,2
Basset Hound,3,5,4,4,2,5,4,4,3,2,2,5,5,5,5,4,4,5,1,5,2,2,4,3,5,4,5,2,2,2,2
Beagle,3,5,3,4,5,4,3,4,1,2,4,5,5,5,5,3,1,4,1,5,2,1,4,3,5,5,5,4,5,4,5
Black and Tan Coonhound,3,5,4,4,5,1,2,3,2,4,4,5,5,5,5,5,3,4,5,5,3,2,5,1,5,5,5,5,5,5,5
Bloodhound,3,5,3,4,4,1,2,4,2,3,3,5,5,5,5,4,5,1,3,3,4,3,4,5,3,4,5,5,4,5,3
Bluetick Coonhound,3,4,3,4,5,2,2,5,2,3,3,5,5,3,3,2,2,5,4,3,3,2,4,3,4,4,5,5,4,5,5
Borzoi,4,4,4,4,2,5,3,5,1,4,3,4,3,4,4,5,1,4,4,2,5,3,4,3,5,2,4,2,2,2,3
Dachshund,3,3,3,4,3,5,4,4,3,1,3,4,5,3,1,3,1,3,2,5,1,2,4,4,5,5,5,3,3,3,4
English Foxhound,3,4,3,4,5,1,2,3,4,3,3,4,4,5,3,3,1,5,4,2,3,3,3,4,5,4,5,5,4,5,5
Greyhound,3,5,5,4,4,4,2,5,1,1,5,5,5,4,5,4,5,5,4,5,4,5,5,4,5,2,5,5,3,5,4
Harrier,3,5,3,4,5,1,3,2,3,3,4,4,5,5,5,3,1,5,5,3,3,2,4,3,4,4,5,5,4,5,5
Ibizan Hound,3,5,3,4,5,5,3,4,2,1,4,5,5,5,4,3,1,5,4,1,3,3,4,3,5,2,5,5,3,5,5
Irish Wolfhound,2,5,3,3,3,1,2,3,2,4,2,5,5,5,5,3,1,3,1,3,5,3,4,3,5,1,3,2,2,4,4
Norwegian Elkhound,4,4,3,4,4,4,4,4,2,5,3,5,4,4,4,5,1,3,4,4,3,2,4,3,4,4,4,5,3,5,4
Otterhound,3,5,3,4,5,1,4,2,5,4,3,5,5,5,4,4,1,2,4,3,4,2,4,3,5,2,5,5,4,5,5
Petit Basset Griffon Vendeen,3,5,3,4,5,4,3,3,3,4,3,5,5,5,5,4,1,2,3,4,2,1,4,3,5,5,5,5,4,5,5
Pharaoh Hound,4,5,3,4,3,4,4,5,2,1,5,5,5,5,4,2,1,4,5,3,3,3,4,4,5,4,4,2,3,4,4
Plott,2,4,3,4,4,1,1,4,2,2,4,4,3,5,3,2,1,5,5,3,3,4,3,3,5,1,5,4,4,5,3
Pocket Beagle,3,5,3,4,4,4,3,4,2,2,4,5,5,5,4,3,1,5,3,5,2,3,4,4,3,5,5,4,4,4,4
Redbone Coonhound,3,4,3,4,5,4,2,5,2,3,2,5,5,4,3,2,4,5,3,3,3,3,4,4,4,4,5,4,4,5,5
Rhodesian Ridgeback,3,4,3,3,5,4,2,4,2,3,3,5,4,4,3,1,1,5,4,3,4,2,4,3,5,1,5,4,4,5,5
Saluki,2,4,3,4,4,1,2,5,1,2,3,5,4,4,1,2,1,4,4,1,4,4,4,4,5,1,5,5,2,5,5
Scottish Deerhound,3,4,3,3,5,1,1,3,2,4,4,5,4,2,5,5,1,2,3,4,5,2,3,4,5,1,4,5,5,5,5
Sloughi,3,4,3,3,4,4,2,4,3,2,3,5,5,4,3,3,1,5,3,2,4,3,4,3,5,2,3,5,3,5,3
Treeing Tennessee Brindle,2,4,4,3,4,1,2,3,2,3,3,4,4,4,3,4,3,5,4,3,3,3,4,3,4,1,1,4,4,5,3
Treeing Walker Coonhound,3,4,4,4,4,1,2,5,2,3,3,4,4,3,3,3,2,5,4,3,4,2,4,3,4,5,5,4,4,5,3
Whippet,3,5,3,4,4,5,3,5,2,1,4,5,5,4,4,2,1,5,4,1,3,4,4,4,5,1,4,5,2,5,5
Cockapoo,4,5,2,3,4,4,5,4,3,4,4,5,4,5,4,1,1,3,2,3,2,4,4,2,3,2,3,3,3,3,5
Goldador,4,5,3,3,5,2,4,3,4,5,4,5,5,5,5,3,2,4,4,3,4,4,5,2,1,1,4,5,5,5,5
Goldendoodle,3,5,3,3,4,1,4,4,3,3,3,5,5,5,4,2,1,4,3,3,4,4,5,1,1,3,3,4,3,5,5
Labradoodle,4,5,3,3,5,5,4,3,4,5,4,5,4,5,5,3,1,4,4,3,4,4,4,1,2,2,3,5,4,5,5
Maltese Shih Tzu,3,3,2,4,3,5,5,3,3,2,2,4,3,3,3,1,1,2,2,3,1,4,3,4,5,4,1,3,2,3,3
Maltipoo,4,4,2,4,3,5,5,5,1,2,3,5,4,4,4,1,1,3,2,2,2,5,4,3,2,5,4,3,3,2,4
Peekapoo,4,4,2,3,3,5,5,4,2,3,2,5,4,4,3,2,1,2,3,4,1,3,4,4,3,4,1,3,2,3,4
Puggle,4,5,3,3,3,4,5,3,3,3,3,3,5,5,5,3,1,5,4,5,2,2,3,3,2,4,5,3,2,3,3
Schnoodle,3,4,3,3,4,3,5,4,2,2,4,4,5,3,3,2,1,4,3,4,4,4,5,3,3,2,3,4,3,4,4
Yorkipoo,4,4,2,4,4,5,5,4,3,2,3,5,4,3,2,1,1,4,3,2,1,4,4,3,3,5,2,5,3,3,4
Mutt,3,3,3,3,3,3,3,3,3,3,3,4,3,3,3,3,3,3,4,3,3,4,4,3,3,3,3,3,3,3,3
American Water Spaniel,3,4,3,4,4,2,2,5,1,2,4,5,5,2,3,3,1,3,3,3,3,4,3,5,2,3,5,5,2,5,5
Barbet,3,4,2,3,4,3,2,3,1,4,4,5,4,4,3,2,1,1,4,3,3,4,4,2,3,3,3,5,3,3,4
Boykin Spaniel,3,4,3,4,5,1,3,4,3,3,4,5,5,4,3,4,1,1,2,4,3,4,4,4,2,3,4,5,5,5,4
Bracco Italiano,3,4,3,3,4,1,2,4,3,3,3,5,3,5,3,3,3,5,2,3,4,3,4,3,5,2,3,4,4,5,3
Brittany,3,5,4,4,5,1,3,5,1,4,3,5,5,5,4,3,5,3,4,3,3,3,5,3,5,3,4,5,3,5,5
Chesapeake Bay Retriever,3,3,4,3,5,1,1,3,2,4,4,5,3,1,1,5,3,5,4,4,3,3,4,3,3,3,4,5,5,5,4
Clumber Spaniel,4,4,4,4,3,5,5,4,2,5,2,5,3,4,3,5,5,1,2,5,3,4,3,5,5,1,4,3,1,2,5
Cocker Spaniel,4,4,3,4,3,5,3,5,1,4,3,5,3,4,3,3,1,1,4,4,2,5,4,4,5,3,4,4,2,3,4
Curly-Coated Retriever,3,4,3,4,4,1,3,3,3,4,4,5,5,4,3,3,2,3,2,3,3,4,5,5,5,3,4,5,3,4,5
English Cocker Spaniel,4,5,3,4,4,5,4,5,1,4,3,5,5,5,5,3,1,3,4,5,2,4,5,3,5,4,4,5,3,4,5
English Setter,3,5,3,4,4,1,3,4,1,4,3,5,5,5,5,3,2,3,3,5,3,3,5,4,5,4,5,4,2,5,5
English Springer Spaniel,3,5,3,4,5,1,3,4,1,3,4,5,5,5,4,3,1,2,3,3,3,5,5,3,5,3,4,5,3,5,5
Field Spaniel,3,5,3,4,5,1,3,4,1,3,4,5,5,4,4,3,1,4,3,4,2,5,5,3,4,2,5,5,3,5,5
Finnish Spitz,3,5,3,4,5,3,3,3,1,5,3,5,5,5,3,4,1,2,4,3,3,3,4,3,3,5,4,5,4,5,5
Flat-Coated Retriever,3,5,3,4,5,1,2,5,1,4,4,5,5,5,5,3,2,4,4,4,3,4,5,3,3,4,4,5,4,5,5
German Shorthaired Pointer,2,4,3,5,5,1,2,4,1,2,4,5,5,4,3,2,2,5,3,3,3,5,5,4,5,3,5,5,3,5,5
German Wirehaired Pointer,3,3,3,4,5,2,3,4,2,3,4,5,3,3,2,2,2,4,4,3,4,4,5,4,4,3,5,5,4,5,5
Golden Retriever,3,5,4,4,4,2,3,5,1,3,3,5,5,5,5,5,4,2,2,5,3,5,5,5,3,3,2,5,2,5,5
Gordon Setter,3,3,3,4,4,2,3,4,1,4,3,5,3,2,3,5,3,2,4,3,3,5,5,3,4,5,4,5,2,5,5
Irish Red and White Setter,3,4,2,4,5,1,3,4,1,4,3,5,4,4,4,3,1,3,2,2,3,4,4,4,3,3,4,5,5,5,5
Irish Setter,3,5,3,5,5,1,3,4,2,4,3,5,5,5,5,4,2,3,2,3,4,4,5,5,5,4,5,5,3,5,5
Irish Water Spaniel,3,5,2,4,4,3,2,4,3,4,4,5,5,4,5,1,2,3,2,3,3,5,4,3,5,4,3,5,3,5,4
Kooikerhondje,3,2,3,3,5,4,3,4,2,4,3,3,2,2,2,3,1,2,5,3,3,1,4,3,3,3,3,4,5,5,4
Korean Jindo Dog,3,4,3,3,4,3,2,3,2,5,2,5,3,3,4,5,1,1,4,2,3,2,5,2,5,2,5,4,4,5,4
Labrador Retriever,3,5,4,4,5,1,3,5,2,3,3,5,5,5,5,5,3,5,3,5,4,5,5,5,2,4,3,5,5,5,5
Nova Scotia Duck Tolling Retriever,4,5,3,4,5,5,3,3,2,4,4,5,5,4,4,3,1,5,4,4,3,4,5,4,5,4,3,5,3,5,5
Pointer,2,5,3,5,5,1,1,3,1,2,4,5,5,5,5,3,1,5,3,3,3,5,5,5,5,3,5,5,5,5,5
Small Munsterlander Pointer,3,5,3,4,5,1,2,3,4,5,3,5,5,5,4,3,1,3,5,3,3,5,5,3,5,3,4,4,5,5,4
Stabyhoun,3,4,3,4,4,2,3,4,3,2,2,5,5,4,3,3,1,3,5,3,3,5,5,1,4,3,3,3,4,4,5
Sussex Spaniel,4,5,3,3,2,5,5,5,1,5,5,5,5,5,5,3,1,4,4,5,2,3,5,2,1,4,1,2,1,2,4
Vizsla,3,5,3,4,5,1,3,5,1,1,4,5,5,5,5,2,1,5,4,2,3,5,4,4,2,5,5,5,4,5,5
Weimaraner,3,4,4,4,5,1,2,5,1,3,4,5,4,3,3,4,4,5,3,2,4,4,5,5,5,2,5,5,5,5,5
Welsh Springer Spaniel,4,4,3,4,5,4,4,5,1,4,4,5,5,4,3,3,1,4,4,4,3,5,5,3,3,5,5,5,4,5,4
Wirehaired Pointing Griffon,3,5,3,4,4,1,3,4,1,4,3,5,5,4,5,1,1,3,4,3,3,5,5,3,4,4,4,5,3,4,5
Airedale Terrier,2,4,3,5,5,1,2,3,2,3,3,4,4,4,3,2,1,2,3,4,3,4,5,5,5,4,4,5,3,5,5
American Pit Bull Terrier,3,4,3,4,5,3,2,4,1,2,3,5,5,1,5,4,1,5,4,3,3,4,4,5,3,3,4,4,5,4,5
Australian Terrier,3,3,3,4,5,5,3,2,2,3,4,4,3,2,3,1,1,5,5,3,1,3,4,1,5,5,4,5,5,4,5
Bedlington Terrier,4,5,3,4,4,4,4,3,3,4,3,5,4,4,5,5,1,1,4,3,3,3,5,4,5,3,4,4,2,4,5
Border Terrier,3,4,3,4,5,4,3,3,1,4,3,5,4,2,5,3,1,2,4,5,2,3,5,5,5,1,4,4,4,5,5
Bull Terrier,3,5,3,4,5,4,4,5,2,1,4,5,5,4,5,3,1,5,4,5,2,5,4,4,4,1,5,4,5,5,5
Cairn Terrier,4,5,3,4,5,5,4,3,1,4,4,5,5,4,4,3,1,5,4,3,1,2,5,3,4,4,3,5,4,4,5
Cesky Terrier,4,3,3,3,3,5,4,4,3,3,3,5,3,2,3,1,1,4,5,4,2,4,3,3,2,3,3,2,3,3,5
Dandie Dinmont Terrier,3,4,2,3,3,4,4,3,2,3,3,5,4,3,3,3,1,2,3,4,1,2,3,3,4,2,3,3,3,2,4
Fox Terrier,3,4,2,4,5,3,3,3,3,3,4,4,4,3,3,2,1,2,4,2,2,5,5,3,5,3,3,5,5,5,5
Glen of Imaal Terrier,3,4,3,4,4,4,2,3,3,3,4,5,5,2,3,1,1,5,5,3,1,4,4,3,5,4,3,4,5,4,4
Irish Terrier,3,4,3,3,5,3,2,3,2,4,4,5,5,1,3,4,1,2,5,3,3,1,4,1,2,4,3,5,4,4,5
Jack Russell Terrier,3,5,3,4,5,3,2,3,3,4,3,5,4,5,4,3,1,3,4,4,2,4,5,4,5,4,4,5,5,5,5
Kerry Blue Terrier,3,4,2,4,4,3,2,3,3,4,3,4,4,2,5,1,1,2,3,3,3,4,4,4,3,4,3,4,4,5,4
Lakeland Terrier,3,4,3,3,4,4,3,3,2,4,4,5,4,3,3,2,1,2,5,3,2,2,4,1,4,2,3,5,4,4,4
Manchester Terrier,3,3,3,3,4,5,3,3,3,1,3,4,3,3,3,3,1,5,2,4,2,2,4,2,4,4,4,4,4,4,4
Miniature Schnauzer,4,4,2,4,4,4,3,4,5,4,4,5,3,3,3,2,1,2,3,4,2,5,4,2,4,3,3,5,3,5,4
Norfolk Terrier,4,5,3,3,4,4,5,4,3,4,4,5,4,5,4,1,1,4,5,5,1,5,4,2,1,3,4,4,4,4,5
Norwich Terrier,4,5,3,4,5,5,3,4,2,4,4,5,5,5,5,2,1,2,4,5,1,4,4,4,3,4,4,5,4,4,5
Rat Terrier,3,4,3,3,5,5,3,4,3,1,4,4,5,3,4,4,1,5,4,3,1,5,4,2,5,1,4,5,4,4,5
Scottish Terrier,3,4,2,3,4,4,2,4,3,4,3,5,4,4,4,2,1,2,4,3,2,1,4,3,3,4,5,4,4,4,4
Sealyham Terrier,4,4,3,3,4,4,4,4,2,4,3,4,4,4,3,4,3,1,5,3,2,3,4,2,2,2,3,4,2,4,4
Skye Terrier,4,4,3,4,4,4,4,3,2,4,4,4,4,2,5,3,1,3,5,3,2,2,4,3,4,4,4,3,4,3,4
Soft Coated Wheaten Terrier,3,5,3,3,4,5,4,4,2,2,3,5,5,5,5,2,1,3,4,3,3,4,4,2,3,3,4,4,3,4,5
Staffordshire Bull Terrier,2,4,3,3,4,3,1,4,2,3,1,5,5,1,5,3,3,5,3,4,2,2,3,2,2,3,4,3,3,4,5
Welsh Terrier,3,5,3,4,5,3,3,3,2,2,2,4,5,5,4,2,1,2,5,3,2,3,5,2,5,4,4,5,5,5,5
West Highland White Terrier,4,4,3,4,4,4,4,4,2,4,3,5,4,5,3,4,1,3,3,4,2,4,4,2,4,4,3,4,4,4,4
Akita,3,2,4,3,4,2,2,5,1,5,2,5,1,1,2,5,5,1,4,4,4,2,3,3,2,5,4,4,3,4,5
Alaskan Malamute,2,4,3,4,5,1,1,4,1,5,2,4,3,2,5,5,1,1,4,3,4,4,4,3,4,5,5,5,5,5,5
Anatolian Shepherd Dog,3,2,3,3,3,1,2,4,3,5,3,3,2,2,1,2,3,4,3,3,5,4,4,2,2,2,4,3,3,3,3
Bernese Mountain Dog,2,5,4,4,4,1,2,4,1,5,1,5,5,3,5,5,4,3,1,4,5,4,4,5,5,4,3,4,3,3,4
Black Russian Terrier,3,4,3,4,5,3,2,4,1,4,3,5,5,2,3,2,3,2,3,3,5,4,4,4,3,3,3,4,5,4,5
Boxer,3,4,3,3,5,4,3,4,1,2,1,5,4,3,4,4,2,5,2,4,3,4,4,2,3,3,3,5,5,5,5
Bullmastiff,3,4,4,3,4,3,2,4,2,4,2,5,5,4,3,1,5,5,2,5,5,3,3,3,3,4,3,2,4,3,5
Cane Corso,2,3,4,4,4,1,1,3,1,3,4,4,2,3,2,3,4,5,3,4,4,4,5,2,5,3,2,4,3,5,2
Chinese Shar-Pei,3,2,3,3,2,4,2,2,4,2,1,2,2,1,2,5,2,5,1,4,3,3,2,5,2,5,2,2,1,3,1
Chinook,3,5,3,3,3,4,1,5,1,5,4,5,5,5,4,5,1,2,4,3,4,4,5,3,2,2,2,3,3,3,4
Chow Chow,3,1,3,2,2,3,2,2,5,5,2,2,1,1,1,1,3,1,2,4,4,2,1,5,2,1,2,2,2,2,1
Doberman Pinscher,3,3,4,3,4,3,3,5,2,1,4,5,3,1,3,4,4,5,1,3,4,5,5,2,1,1,2,3,3,3,5
Dogue de Bordeaux,3,3,4,3,3,5,1,4,2,3,2,5,5,1,1,3,5,5,2,4,4,2,3,4,4,2,1,2,2,5,3
German Pinscher,3,3,3,4,5,3,3,4,3,3,4,5,3,2,2,3,1,5,4,3,3,4,5,3,5,3,4,5,3,5,5
Giant Schnauzer,2,3,3,4,4,1,1,4,2,4,2,5,3,3,2,4,1,2,4,3,4,5,4,3,4,4,4,5,2,5,5
Great Dane,2,5,4,3,5,1,1,5,1,2,3,5,5,5,5,5,4,5,4,2,5,5,3,2,3,4,3,5,5,5,5
Great Pyrenees,3,4,4,4,5,1,1,4,3,5,3,5,4,4,3,5,2,4,2,4,5,1,4,2,5,5,5,5,5,5,4
Greater Swiss Mountain Dog,3,5,3,3,4,1,2,4,3,5,1,5,5,5,3,3,1,5,2,4,5,3,3,3,4,4,3,5,4,3,5
Komondor,3,3,3,4,3,2,1,4,1,4,3,5,3,1,1,3,2,2,2,3,4,4,4,3,2,5,4,2,1,4,4
Kuvasz,3,2,4,2,4,1,1,5,1,5,2,5,1,2,1,4,3,4,4,4,5,2,4,1,1,3,3,4,4,5,4
Leonberger,2,4,4,3,4,1,1,4,2,5,1,5,4,3,2,5,3,4,1,4,5,2,3,4,4,3,2,4,4,4,4
Mastiff,2,4,4,2,4,2,1,3,3,4,1,5,5,2,2,3,5,3,3,4,5,3,2,4,2,2,1,3,3,4,4
Neapolitan Mastiff,2,3,4,2,3,2,1,4,1,1,2,5,4,2,1,3,5,3,2,5,5,3,3,2,1,1,1,3,1,3,4
Newfoundland,3,5,4,4,3,1,3,4,1,5,2,5,5,4,4,5,5,2,1,4,5,5,4,3,4,4,3,3,1,3,4
Norwegian Lundehund,3,5,3,3,5,1,1,3,2,5,3,5,5,5,5,5,1,4,3,3,3,4,5,3,2,1,5,4,4,5,5
Portuguese Water Dog,3,5,2,4,5,4,3,4,2,4,3,5,5,5,3,1,1,2,4,3,3,4,5,5,3,3,3,5,3,5,5
Rottweiler,2,4,4,4,4,2,1,4,1,2,3,5,4,2,4,4,4,5,2,5,3,4,5,3,4,4,2,4,4,4,5
Saint Bernard,3,5,4,2,3,3,2,4,1,5,1,5,5,5,5,4,5,2,2,4,5,2,4,3,1,1,2,3,2,2,4
Samoyed,3,5,3,4,4,2,2,4,2,5,1,5,5,5,5,5,2,1,3,4,3,3,3,3,5,3,4,5,2,5,5
Siberian Husky,3,5,3,4,5,2,1,4,1,5,3,5,5,5,5,3,3,2,4,2,3,2,3,4,3,5,5,5,3,5,5
Standard Schnauzer,3,3,2,4,5,4,2,4,2,4,4,4,4,3,2,1,1,2,5,1,3,3,5,3,5,2,5,5,3,5,5
Tibetan Mastiff,3,4,3,3,3,1,1,5,1,5,2,5,5,5,2,2,2,4,3,4,5,1,5,5,3,2,3,4,2,2,5
